1992,ALABAMA,AL,1,63,41,US HOUSE,1,gen,False,False,SONNY CALLAHAN,REPUBLICAN,False,TOTAL,128874,214204,False,20201202,False
1992,ALABAMA,AL,1,63,41,US HOUSE,2,gen,False,False,TERRY EVERETT,REPUBLICAN,False,TOTAL,112906,228160,False,20201202,False
1992,ALABAMA,AL,1,63,41,US HOUSE,3,gen,False,False,GLEN BROWDER,DEMOCRAT,False,TOTAL,119175,197604,False,20201202,False
1992,ALABAMA,AL,1,63,41,US HOUSE,4,gen,False,False,TOM BEVILL,DEMOCRAT,False,TOTAL,157907,230523,False,20201202,False
1992,ALABAMA,AL,1,63,41,US HOUSE,5,gen,False,False,"ROBERT E. (BUD) CRAMER, JR.",DEMOCRAT,False,TOTAL,160060,244133,False,20201202,False
1992,ALABAMA,AL,1,63,41,US HOUSE,6,gen,False,False,SPENCER T. BAUCHUS III,REPUBLICAN,False,TOTAL,146599,280139,False,20201202,False
1992,ALABAMA,AL,1,63,41,US HOUSE,7,gen,False,False,EARL F. HILLIARD,DEMOCRAT,False,TOTAL,144320,207773,False,20201202,False
1992,ALASKA,AK,2,94,81,US HOUSE,0,gen,False,False,DON YOUNG,REPUBLICAN,False,TOTAL,111849,239116,False,20201202,False
1992,ARIZONA,AZ,4,86,61,US HOUSE,1,gen,False,False,SAM COPPERSMITH,DEMOCRAT,False,TOTAL,130715,254789,False,20201202,False
1992,ARIZONA,AZ,4,86,61,US HOUSE,2,gen,False,False,ED PASTOR,DEMOCRAT,False,TOTAL,90693,137378,False,20201202,False
1992,ARIZONA,AZ,4,86,61,US HOUSE,3,gen,False,False,BOB STUMP,REPUBLICAN,False,TOTAL,158906,258503,False,20201202,False
1992,ARIZONA,AZ,4,86,61,US HOUSE,4,gen,False,False,JOHN KYL,REPUBLICAN,False,TOTAL,156330,264066,False,20201202,False
1992,ARIZONA,AZ,4,86,61,US HOUSE,5,gen,False,False,JIM KOLBE,REPUBLICAN,False,TOTAL,172867,259813,False,20201202,False
1992,ARIZONA,AZ,4,86,61,US HOUSE,6,gen,False,False,KARAN ENGLISH,DEMOCRAT,False,TOTAL,124251,233372,False,20201202,False
1992,ARKANSAS,AR,5,71,42,US HOUSE,1,gen,False,False,BLANCHE M. LAMBERT,DEMOCRAT,False,TOTAL,149558,214176,False,20201202,False
1992,ARKANSAS,AR,5,71,42,US HOUSE,2,gen,False,False,RAY THORNTON,DEMOCRAT,False,TOTAL,154946,208924,False,20201202,False
1992,ARKANSAS,AR,5,71,42,US HOUSE,3,gen,False,False,Y. TIM HUTCHINSON,REPUBLICAN,False,TOTAL,125295,249494,False,20201202,False
1992,ARKANSAS,AR,5,71,42,US HOUSE,4,gen,False,False,JAY DICKEY,REPUBLICAN,False,TOTAL,113009,215927,False,20201202,False
1992,CALIFORNIA,CA,6,93,71,US HOUSE,1,gen,False,False,DAN HAMBURG,DEMOCRAT,False,TOTAL,119676,251206,False,20201202,False
1992,CALIFORNIA,CA,6,93,71,US HOUSE,2,gen,False,False,WALLY HERGER,REPUBLICAN,False,TOTAL,167247,256556,False,20201202,False
1992,CALIFORNIA,CA,6,93,71,US HOUSE,3,gen,False,False,VIC FAZIO,DEMOCRAT,False,TOTAL,122149,238685,False,20201202,False
1992,CALIFORNIA,CA,6,93,71,US HOUSE,4,gen,False,False,JOHN T. DOOLITTLE,REPUBLICAN,False,TOTAL,141155,283365,False,20201202,False
1992,CALIFORNIA,CA,6,93,71,US HOUSE,5,gen,False,False,ROBERT T. MATSUI,DEMOCRAT,False,TOTAL,158250,230560,False,20201202,False
1992,CALIFORNIA,CA,6,93,71,US HOUSE,6,gen,False,False,LYNN C. WOOLSEY,DEMOCRAT,False,TOTAL,190322,291786,False,20201202,False
1992,CALIFORNIA,CA,6,93,71,US HOUSE,7,gen,False,False,GEORGE MILLER,DEMOCRAT,False,TOTAL,153320,217982,False,20201202,False
1992,CALIFORNIA,CA,6,93,71,US HOUSE,8,gen,False,False,NANCY PELOSI,DEMOCRAT,False,TOTAL,191906,232691,False,20201202,False
1992,CALIFORNIA,CA,6,93,71,US HOUSE,9,gen,False,False,RONALD V. DELLUMS,DEMOCRAT,False,TOTAL,164265,228467,False,20201202,False
1992,CALIFORNIA,CA,6,93,71,US HOUSE,10,gen,False,False,BILL BAKER,REPUBLICAN,False,TOTAL,145702,280429,False,20201202,False
1992,CALIFORNIA,CA,6,93,71,US HOUSE,11,gen,False,False,RICHARD W. POMBO,REPUBLICAN,False,TOTAL,94453,198490,False,20201202,False
1992,CALIFORNIA,CA,6,93,71,US HOUSE,12,gen,False,False,TOM LANTOS,DEMOCRAT,False,TOTAL,157205,228407,False,20201202,False
1992,CALIFORNIA,CA,6,93,71,US HOUSE,13,gen,False,False,FORTNEY PETE STARK,DEMOCRAT,False,TOTAL,123795,205516,False,20201202,False
1992,CALIFORNIA,CA,6,93,71,US HOUSE,14,gen,False,False,ANNA G. ESHOO,DEMOCRAT,False,TOTAL,146873,259222,False,20201202,False
1992,CALIFORNIA,CA,6,93,71,US HOUSE,15,gen,False,False,NORMAN Y. MINETA,DEMOCRAT,False,TOTAL,168617,265370,False,20201202,False
1992,CALIFORNIA,CA,6,93,71,US HOUSE,16,gen,False,False,DON EDWARDS,DEMOCRAT,False,TOTAL,96661,155883,False,20201202,False
1992,CALIFORNIA,CA,6,93,71,US HOUSE,17,gen,False,False,LEON E. PANETTA,DEMOCRAT,False,TOTAL,151565,210367,False,20201202,False
1992,CALIFORNIA,CA,6,93,71,US HOUSE,18,gen,False,False,GARY A. CONDIT,DEMOCRAT,False,TOTAL,139704,165011,False,20201202,False
1992,CALIFORNIA,CA,6,93,71,US HOUSE,19,gen,False,False,RICHARD H. LEHMAN,DEMOCRAT,False,TOTAL,101619,216640,False,20201202,False
1992,CALIFORNIA,CA,6,93,71,US HOUSE,20,gen,False,False,CALVIN M. DOOLEY,DEMOCRAT,False,TOTAL,72679,112067,False,20201202,False
1992,CALIFORNIA,CA,6,93,71,US HOUSE,21,gen,False,False,WILLIAM M. THOMAS,REPUBLICAN,False,TOTAL,127758,195965,False,20201202,False
1992,CALIFORNIA,CA,6,93,71,US HOUSE,22,gen,False,False,MICHAEL HUFFINGTON,REPUBLICAN,False,TOTAL,131242,249926,False,20201202,False
1992,CALIFORNIA,CA,6,93,71,US HOUSE,23,gen,False,False,ELTON GALLEGLY,REPUBLICAN,False,TOTAL,115504,212881,False,20201202,False
1992,CALIFORNIA,CA,6,93,71,US HOUSE,24,gen,False,False,ANTHONY C. BEILENSON,DEMOCRAT,False,TOTAL,141742,255267,False,20201202,False
1992,CALIFORNIA,CA,6,93,71,US HOUSE,25,gen,False,False,"HOWARD P. """"BUCK"""" MCKEON",REPUBLICAN,False,TOTAL,113611,218715,False,20201202,False
1992,CALIFORNIA,CA,6,93,71,US HOUSE,26,gen,False,False,HOWARD L. BERMAN,DEMOCRAT,False,TOTAL,73807,120908,False,20201202,False
1992,CALIFORNIA,CA,6,93,71,US HOUSE,27,gen,False,False,CARLOS J. MOORHEAD,REPUBLICAN,False,TOTAL,105521,212450,False,20201202,False
1992,CALIFORNIA,CA,6,93,71,US HOUSE,28,gen,False,False,DAVID DREIER,REPUBLICAN,False,TOTAL,122353,209382,False,20201202,False
1992,CALIFORNIA,CA,6,93,71,US HOUSE,29,gen,False,False,HENRY WAXMAN,DEMOCRAT,False,TOTAL,160312,261486,False,20201202,False
1992,CALIFORNIA,CA,6,93,71,US HOUSE,30,gen,False,False,XAVIER BECERRA,DEMOCRAT,False,TOTAL,48800,83543,False,20201202,False
1992,CALIFORNIA,CA,6,93,71,US HOUSE,31,gen,False,False,MATTHEW G. MARTINEZ,DEMOCRAT,False,TOTAL,68324,109197,False,20201202,False
1992,CALIFORNIA,CA,6,93,71,US HOUSE,32,gen,False,False,JULIAN C. DIXON,DEMOCRAT,False,TOTAL,150644,172812,False,20201202,False
1992,CALIFORNIA,CA,6,93,71,US HOUSE,33,gen,False,False,LUCILLE ROYABL-ALLARD,DEMOCRAT,False,TOTAL,32010,50779,False,20201202,False
1992,CALIFORNIA,CA,6,93,71,US HOUSE,34,gen,False,False,ESTEBAN EDWARD TORRES,DEMOCRAT,False,TOTAL,91738,149718,False,20201202,False
1992,CALIFORNIA,CA,6,93,71,US HOUSE,35,gen,False,False,MAXINE WATERS,DEMOCRAT,False,TOTAL,102941,124776,False,20201202,False
1992,CALIFORNIA,CA,6,93,71,US HOUSE,36,gen,False,False,JANE HARMAN,DEMOCRAT,False,TOTAL,125751,351397,False,20201202,False
1992,CALIFORNIA,CA,6,93,71,US HOUSE,37,gen,False,False,WALTER R. TUCKER III,DEMOCRAT,False,TOTAL,97159,113337,False,20201202,False
1992,CALIFORNIA,CA,6,93,71,US HOUSE,38,gen,False,False,STEVE HORN,REPUBLICAN,False,TOTAL,92038,189321,False,20201202,False
1992,CALIFORNIA,CA,6,93,71,US HOUSE,39,gen,False,False,EDWARD R. ROYCE,REPUBLICAN,False,TOTAL,122472,213684,False,20201202,False
1992,CALIFORNIA,CA,6,93,71,US HOUSE,40,gen,False,False,JERRY LEWIS,REPUBLICAN,False,TOTAL,129563,205283,False,20201202,False
1992,CALIFORNIA,CA,6,93,71,US HOUSE,41,gen,False,False,JAY KIM,REPUBLICAN,False,TOTAL,101753,170666,False,20201202,False
1992,CALIFORNIA,CA,6,93,71,US HOUSE,42,gen,False,False,"GEORGE E. BROWN, JR.",DEMOCRAT,False,TOTAL,79780,157455,False,20201202,False
1992,CALIFORNIA,CA,6,93,71,US HOUSE,43,gen,False,False,KEN CALVERT,REPUBLICAN,False,TOTAL,88987,190639,False,20201202,False
1992,CALIFORNIA,CA,6,93,71,US HOUSE,44,gen,False,False,ALFRED A. (AL) MCCANDLESS,REPUBLICAN,False,TOTAL,110333,203541,False,20201202,False
1992,CALIFORNIA,CA,6,93,71,US HOUSE,45,gen,False,False,DANA ROHRABACHER,REPUBLICAN,False,TOTAL,123731,227016,False,20201202,False
1992,CALIFORNIA,CA,6,93,71,US HOUSE,46,gen,False,False,ROBERT K. DORNAN,REPUBLICAN,False,TOTAL,55659,110806,False,20201202,False
1992,CALIFORNIA,CA,6,93,71,US HOUSE,47,gen,False,False,CHRISTOPHER COX,REPUBLICAN,False,TOTAL,165004,254257,False,20201202,False
1992,CALIFORNIA,CA,6,93,71,US HOUSE,48,gen,False,False,RON PACKARD,REPUBLICAN,False,TOTAL,140935,230495,False,20201202,False
1992,CALIFORNIA,CA,6,93,71,US HOUSE,49,gen,False,False,LYNN SCHENK,DEMOCRAT,False,TOTAL,127280,248898,False,20201202,False
1992,CALIFORNIA,CA,6,93,71,US HOUSE,50,gen,False,False,BOB FILNER,DEMOCRAT,False,TOTAL,77293,136626,False,20201202,False
1992,CALIFORNIA,CA,6,93,71,US HOUSE,51,gen,False,False,"RANDY """"DUKE"""" CUNNINGHAM",REPUBLICAN,False,TOTAL,141890,252995,False,20201202,False
1992,CALIFORNIA,CA,6,93,71,US HOUSE,52,gen,False,False,DUNCAN HUNTER,REPUBLICAN,False,TOTAL,112995,213784,False,20201202,False
1992,COLORADO,CO,8,84,62,US HOUSE,1,gen,False,False,PATRICK SCHROEDER,DEMOCRAT,False,TOTAL,156629,227531,False,20201202,False
1992,COLORADO,CO,8,84,62,US HOUSE,2,gen,False,False,DAVID E. SKAGGS,DEMOCRAT,False,TOTAL,164790,271361,False,20201202,False
1992,COLORADO,CO,8,84,62,US HOUSE,3,gen,False,False,SCOTT MCINNIS,REPUBLICAN,False,TOTAL,143293,261964,False,20201202,False
1992,COLORADO,CO,8,84,62,US HOUSE,4,gen,False,False,WAYNE ALLARD,REPUBLICAN,False,TOTAL,139884,241841,False,20201202,False
1992,COLORADO,CO,8,84,62,US HOUSE,5,gen,False,False,JOEL HEFLEY,REPUBLICAN,False,TOTAL,173096,243415,False,20201202,False
1992,COLORADO,CO,8,84,62,US HOUSE,6,gen,False,False,DAN SCHAEFER,REPUBLICAN,False,TOTAL,142021,233097,False,20201202,False
1992,CONNECTICUT,CT,9,16,1,US HOUSE,1,gen,False,False,BARBARA B. KENNELLY,DEMOCRAT,False,TOTAL,112838,245430,False,20201202,True
1992,CONNECTICUT,CT,9,16,1,US HOUSE,2,gen,False,False,EDWARD W. MUNSTER,REPUBLICAN,False,TOTAL,119416,242707,False,20201202,False
1992,CONNECTICUT,CT,9,16,1,US HOUSE,3,gen,False,False,ROSA L. DELAURO,DEMOCRAT,False,TOTAL,112022,247531,False,20201202,True
1992,CONNECTICUT,CT,9,16,1,US HOUSE,4,gen,False,False,CHRISTOPHER SHAYS,REPUBLICAN,False,TOTAL,147816,219615,False,20201202,False
1992,CONNECTICUT,CT,9,16,1,US HOUSE,5,gen,False,False,GARY A. FRANKS,REPUBLICAN,False,TOTAL,104891,240283,False,20201202,False
1992,CONNECTICUT,CT,9,16,1,US HOUSE,6,gen,False,False,NANCY L. JOHNSON,REPUBLICAN,False,TOTAL,166967,239597,False,20201202,False
1992,DELAWARE,DE,10,51,11,US HOUSE,0,gen,False,False,MICHAEL N. CASTLE,REPUBLICAN,False,TOTAL,153037,276124,False,20201202,False
1992,FLORIDA,FL,12,59,43,US HOUSE,1,gen,False,False,EARL HUTTO,DEMOCRAT,False,TOTAL,118941,228632,False,20201202,False
1992,FLORIDA,FL,12,59,43,US HOUSE,2,gen,False,False,"DOUGLAS """"PETE"""" PETERSON",DEMOCRAT,False,TOTAL,167215,227726,False,20201202,False
1992,FLORIDA,FL,12,59,43,US HOUSE,3,gen,False,False,CORRINE BROWN,DEMOCRAT,False,TOTAL,91915,155029,False,20201202,False
1992,FLORIDA,FL,12,59,43,US HOUSE,4,gen,False,False,TILLIE FOWLER,REPUBLICAN,False,TOTAL,135883,239471,False,20201202,False
1992,FLORIDA,FL,12,59,43,US HOUSE,5,gen,False,False,KAREN L. THURMAN,DEMOCRAT,False,TOTAL,129698,263549,False,20201202,False
1992,FLORIDA,FL,12,59,43,US HOUSE,6,gen,False,False,CLIFF STEARNS,REPUBLICAN,False,TOTAL,144195,220614,False,20201202,False
1992,FLORIDA,FL,12,59,43,US HOUSE,7,gen,False,False,JOHN L. MICA,REPUBLICAN,False,TOTAL,125823,223023,False,20201202,False
1992,FLORIDA,FL,12,59,43,US HOUSE,8,gen,False,False,BILL MCCOLLUM,REPUBLICAN,False,TOTAL,141977,207122,False,20201202,False
1992,FLORIDA,FL,12,59,43,US HOUSE,9,gen,False,False,MICHAEL BILIRAKIS,REPUBLICAN,False,TOTAL,158028,268163,False,20201202,False
1992,FLORIDA,FL,12,59,43,US HOUSE,10,gen,False,False,C. W. BILL YOUNG,REPUBLICAN,False,TOTAL,149606,264415,False,20201202,False
1992,FLORIDA,FL,12,59,43,US HOUSE,11,gen,False,False,SAM GIBBONS,DEMOCRAT,False,TOTAL,100984,191354,False,20201202,False
1992,FLORIDA,FL,12,59,43,US HOUSE,12,gen,False,False,CHARLES T. CANADY,REPUBLICAN,False,TOTAL,100484,192830,False,20201202,False
1992,FLORIDA,FL,12,59,43,US HOUSE,13,gen,False,False,DAN MILLER,REPUBLICAN,False,TOTAL,158881,274648,False,20201202,False
1992,FLORIDA,FL,12,59,43,US HOUSE,14,gen,False,False,PORTER J. GOSS,REPUBLICAN,False,TOTAL,220351,268511,False,20201202,False
1992,FLORIDA,FL,12,59,43,US HOUSE,15,gen,False,False,JIM BACCHUS,DEMOCRAT,False,TOTAL,132412,261285,False,20201202,False
1992,FLORIDA,FL,12,59,43,US HOUSE,16,gen,False,False,TOM LEWIS,REPUBLICAN,False,TOTAL,157322,258559,False,20201202,False
1992,FLORIDA,FL,12,59,43,US HOUSE,17,gen,False,False,CARRIE P. MEEK,DEMOCRAT,False,TOTAL,102784,102799,False,20201202,False
1992,FLORIDA,FL,12,59,43,US HOUSE,18,gen,False,False,ILEANA ROS-LEHTINEN,REPUBLICAN,False,TOTAL,104755,156897,False,20201202,False
1992,FLORIDA,FL,12,59,43,US HOUSE,19,gen,False,False,HARRY JOHNSTON,DEMOCRAT,False,TOTAL,177423,281294,False,20201202,False
1992,FLORIDA,FL,12,59,43,US HOUSE,20,gen,False,False,PETER DEUTSCH,DEMOCRAT,False,TOTAL,130959,237889,False,20201202,False
1992,FLORIDA,FL,12,59,43,US HOUSE,21,gen,False,False,LINCOLN DIAZ-BALART,REPUBLICAN,False,TOTAL,1,1,False,20201202,False
1992,FLORIDA,FL,12,59,43,US HOUSE,22,gen,False,False,"E. CLAY SHAW, JR.",REPUBLICAN,False,TOTAL,128400,247088,False,20201202,False
1992,FLORIDA,FL,12,59,43,US HOUSE,23,gen,False,False,ALCEE L. HASTINGS,DEMOCRAT,False,TOTAL,84249,143935,False,20201202,False
1992,GEORGIA,GA,13,58,44,US HOUSE,1,gen,False,False,JACK KINGSTON,REPUBLICAN,False,TOTAL,103932,179740,False,20201202,False
1992,GEORGIA,GA,13,58,44,US HOUSE,2,gen,False,False,"SANFORD D. BISHOP, JR.",DEMOCRAT,False,TOTAL,95789,150382,False,20201202,False
1992,GEORGIA,GA,13,58,44,US HOUSE,3,gen,False,False,"MICHAEL A. """"MAC"""" COLLINS",REPUBLICAN,False,TOTAL,114107,208378,False,20201202,False
1992,GEORGIA,GA,13,58,44,US HOUSE,4,gen,False,False,JOHN LINDER,REPUBLICAN,False,TOTAL,126495,250314,False,20201202,False
1992,GEORGIA,GA,13,58,44,US HOUSE,5,gen,False,False,JOHN LEWIS,DEMOCRAT,False,TOTAL,147445,204407,False,20201202,False
1992,GEORGIA,GA,13,58,44,US HOUSE,6,gen,False,False,NEWT GINGRICH,REPUBLICAN,False,TOTAL,158761,274957,False,20201202,False
1992,GEORGIA,GA,13,58,44,US HOUSE,7,gen,False,False,GEORGE (BUDDY) DARDEN,DEMOCRAT,False,TOTAL,111374,194289,False,20201202,False
1992,GEORGIA,GA,13,58,44,US HOUSE,8,gen,False,False,J. ROY ROWLAND,DEMOCRAT,False,TOTAL,108472,194692,False,20201202,False
1992,GEORGIA,GA,13,58,44,US HOUSE,9,gen,False,False,NATHAN DEAL,DEMOCRAT,False,TOTAL,113024,190943,False,20201202,False
1992,GEORGIA,GA,13,58,44,US HOUSE,10,gen,False,False,DON JOHNSON,DEMOCRAT,False,TOTAL,108426,201485,False,20201202,False
1992,GEORGIA,GA,13,58,44,US HOUSE,11,gen,False,False,CYNTHIA A. MCKINNEY,DEMOCRAT,False,TOTAL,120168,164400,False,20201202,False
1992,HAWAII,HI,15,95,82,US HOUSE,1,gen,False,False,NEIL ABERCROMBIE,DEMOCRAT,False,TOTAL,129332,177476,False,20201202,False
1992,HAWAII,HI,15,95,82,US HOUSE,2,gen,False,False,PATSY T. MINK,DEMOCRAT,False,TOTAL,131454,180955,False,20201202,False
1992,IDAHO,ID,16,82,63,US HOUSE,1,gen,False,False,LARRY LAROCCO,DEMOCRAT,False,TOTAL,140985,242890,False,20201202,False
1992,IDAHO,ID,16,82,63,US HOUSE,2,gen,False,False,MICHAEL D. CRAPO,REPUBLICAN,False,TOTAL,139783,229957,False,20201202,False
1992,ILLINOIS,IL,17,33,21,US HOUSE,1,gen,False,False,BOBBY L. RUSH,DEMOCRAT,False,TOTAL,209258,252711,False,20201202,False
1992,ILLINOIS,IL,17,33,21,US HOUSE,2,gen,False,False,MEL REYNOLDS,DEMOCRAT,False,TOTAL,182614,233864,False,20201202,False
1992,ILLINOIS,IL,17,33,21,US HOUSE,3,gen,False,False,WILLIAM O. LIPINSKI,DEMOCRAT,False,TOTAL,162165,255293,False,20201202,False
1992,ILLINOIS,IL,17,33,21,US HOUSE,4,gen,False,False,LUIS V. GUTIERREZ,DEMOCRAT,False,TOTAL,90452,116606,False,20201202,False
1992,ILLINOIS,IL,17,33,21,US HOUSE,5,gen,False,False,DAN ROSTENKOWSKI,DEMOCRAT,False,TOTAL,132889,232083,False,20201202,False
1992,ILLINOIS,IL,17,33,21,US HOUSE,6,gen,False,False,HENRY J. HYDE,REPUBLICAN,False,TOTAL,165009,251904,False,20201202,False
1992,ILLINOIS,IL,17,33,21,US HOUSE,7,gen,False,False,CARDISS COLLINS,DEMOCRAT,False,TOTAL,182811,225281,False,20201202,False
1992,ILLINOIS,IL,17,33,21,US HOUSE,8,gen,False,False,PHILIP M. CRANE,REPUBLICAN,False,TOTAL,132887,238633,False,20201202,False
1992,ILLINOIS,IL,17,33,21,US HOUSE,9,gen,False,False,SIDNEY R. YATES,DEMOCRAT,False,TOTAL,162942,239703,False,20201202,False
1992,ILLINOIS,IL,17,33,21,US HOUSE,10,gen,False,False,JOHN EDWARD PORTER,REPUBLICAN,False,TOTAL,155230,240630,False,20201202,False
1992,ILLINOIS,IL,17,33,21,US HOUSE,11,gen,False,False,GEORGE E. SANGMEISTER,DEMOCRAT,False,TOTAL,135387,243247,False,20201202,False
1992,ILLINOIS,IL,17,33,21,US HOUSE,12,gen,False,False,JERRY F. COSTELLO,DEMOCRAT,False,TOTAL,168762,236877,False,20201202,False
1992,ILLINOIS,IL,17,33,21,US HOUSE,13,gen,False,False,HARRIS W. FAWELL,REPUBLICAN,False,TOTAL,179257,262255,False,20201202,False
1992,ILLINOIS,IL,17,33,21,US HOUSE,14,gen,False,False,J. DENNIS HASTERT,REPUBLICAN,False,TOTAL,155271,230624,False,20201202,False
1992,ILLINOIS,IL,17,33,21,US HOUSE,15,gen,False,False,THOMAS W. EWING,REPUBLICAN,False,TOTAL,142167,239586,False,20201202,False
1992,ILLINOIS,IL,17,33,21,US HOUSE,16,gen,False,False,DONALD A. MANZULLO,REPUBLICAN,False,TOTAL,142388,255943,False,20201202,False
1992,ILLINOIS,IL,17,33,21,US HOUSE,17,gen,False,False,LANE EVANS,DEMOCRAT,False,TOTAL,156233,259952,False,20201202,False
1992,ILLINOIS,IL,17,33,21,US HOUSE,18,gen,False,False,ROBERT H. MICHEL,REPUBLICAN,False,TOTAL,156533,270976,False,20201202,False
1992,ILLINOIS,IL,17,33,21,US HOUSE,19,gen,False,False,GLENN POSHARD,DEMOCRAT,False,TOTAL,187156,270685,False,20201202,False
1992,ILLINOIS,IL,17,33,21,US HOUSE,20,gen,False,False,RICHARD J. DURBIN,DEMOCRAT,False,TOTAL,154869,274088,False,20201202,False
1992,INDIANA,IN,18,32,22,US HOUSE,1,gen,False,False,PETER J. VISCLOSKY,DEMOCRAT,False,TOTAL,147054,211824,False,20201202,False
1992,INDIANA,IN,18,32,22,US HOUSE,2,gen,False,False,PHILIP R. SHARP,DEMOCRAT,False,TOTAL,130881,229295,False,20201202,False
1992,INDIANA,IN,18,32,22,US HOUSE,3,gen,False,False,TIM ROEMER,DEMOCRAT,False,TOTAL,121269,211103,False,20201202,False
1992,INDIANA,IN,18,32,22,US HOUSE,4,gen,False,False,JILL L. LONG,DEMOCRAT,False,TOTAL,134907,217375,False,20201202,False
1992,INDIANA,IN,18,32,22,US HOUSE,5,gen,False,False,STEVEN E. BUYER,REPUBLICAN,False,TOTAL,112492,220465,False,20201202,False
1992,INDIANA,IN,18,32,22,US HOUSE,6,gen,False,False,DAN BURTON,REPUBLICAN,False,TOTAL,186499,258455,False,20201202,False
1992,INDIANA,IN,18,32,22,US HOUSE,7,gen,False,False,JOHN T. MYERS,REPUBLICAN,False,TOTAL,129189,217194,False,20201202,False
1992,INDIANA,IN,18,32,22,US HOUSE,8,gen,False,False,FRANK MCCLOSKEY,DEMOCRAT,False,TOTAL,125244,238397,False,20201202,False
1992,INDIANA,IN,18,32,22,US HOUSE,9,gen,False,False,LEE H. HAMILTON,DEMOCRAT,False,TOTAL,160980,231037,False,20201202,False
1992,INDIANA,IN,18,32,22,US HOUSE,10,gen,False,False,"ANDREW JACOBS, JR.",DEMOCRAT,False,TOTAL,117604,183831,False,20201202,False
1992,IOWA,IA,19,42,31,US HOUSE,1,gen,False,False,JAMES A. LEACH,REPUBLICAN,False,TOTAL,178042,261309,False,20201202,False
1992,IOWA,IA,19,42,31,US HOUSE,2,gen,False,False,JIM NUSSLE,REPUBLICAN,False,TOTAL,134536,267892,False,20201202,False
1992,IOWA,IA,19,42,31,US HOUSE,3,gen,False,False,JIM LIGHTFOOT,REPUBLICAN,False,TOTAL,125931,257276,False,20201202,False
1992,IOWA,IA,19,42,31,US HOUSE,4,gen,False,False,NEAL SMITH,DEMOCRAT,False,TOTAL,158610,257593,False,20201202,False
1992,IOWA,IA,19,42,31,US HOUSE,5,gen,False,False,FRED GRANDY,REPUBLICAN,False,TOTAL,196942,198366,False,20201202,False
1992,KANSAS,KS,20,47,32,US HOUSE,1,gen,False,False,PAT ROBERTS,REPUBLICAN,False,TOTAL,194912,285297,False,20201202,False
1992,KANSAS,KS,20,47,32,US HOUSE,2,gen,False,False,JIM SLATTERY,DEMOCRAT,False,TOTAL,151019,268806,False,20201202,False
1992,KANSAS,KS,20,47,32,US HOUSE,3,gen,False,False,JAN MEYERS,REPUBLICAN,False,TOTAL,169929,292791,False,20201202,False
1992,KANSAS,KS,20,47,32,US HOUSE,4,gen,False,False,DAN GLICKMAN,DEMOCRAT,False,TOTAL,143671,278016,False,20201202,False
1992,KENTUCKY,KY,21,61,51,US HOUSE,1,gen,False,False,THOMAS J. BARLOW III,DEMOCRAT,False,TOTAL,128524,212574,False,20201202,False
1992,KENTUCKY,KY,21,61,51,US HOUSE,2,gen,False,False,WILLIAM H. NATCHER,DEMOCRAT,False,TOTAL,126894,206578,False,20201202,False
1992,KENTUCKY,KY,21,61,51,US HOUSE,3,gen,False,False,ROMANO L. MAZZOLI,DEMOCRAT,False,TOTAL,148066,280770,False,20201202,False
1992,KENTUCKY,KY,21,61,51,US HOUSE,4,gen,False,False,JIM BUNNING,REPUBLICAN,False,TOTAL,139634,226524,False,20201202,False
1992,KENTUCKY,KY,21,61,51,US HOUSE,5,gen,False,False,HAROLD ROGERS,REPUBLICAN,False,TOTAL,115255,211015,False,20201202,False
1992,KENTUCKY,KY,21,61,51,US HOUSE,6,gen,False,False,SCOTTY BAESLER,DEMOCRAT,False,TOTAL,135613,223450,False,20201202,False
1992,LOUISIANA,LA,22,72,45,US HOUSE,1,gen,False,False,BOB LIVINGSTON,REPUBLICAN,False,TOTAL,1,1,False,20201202,False
1992,LOUISIANA,LA,22,72,45,US HOUSE,4,gen,False,False,CLEO FIELDS,DEMOCRAT,False,TOTAL,143980,194831,False,20201202,False
1992,LOUISIANA,LA,22,72,45,US HOUSE,5,gen,False,False,JIM MCCRERY,REPUBLICAN,False,TOTAL,153501,243580,False,20201202,False
1992,LOUISIANA,LA,22,72,45,US HOUSE,6,gen,False,False,RICHARD H. BAKER,REPUBLICAN,False,TOTAL,123953,245178,False,20201202,False
1992,LOUISIANA,LA,22,72,45,US HOUSE,7,gen,False,False,JAMES A. HAYES,DEMOCRAT,False,TOTAL,1,1,False,20201202,False
1992,MAINE,ME,23,11,2,US HOUSE,1,gen,False,False,THOMAS H. ANDREWS,DEMOCRAT,False,TOTAL,232696,358148,False,20201202,False
1992,MAINE,ME,23,11,2,US HOUSE,2,gen,False,False,OLYMPIA J. SNOWE,REPUBLICAN,False,TOTAL,153022,311433,False,20201202,False
1992,MARYLAND,MD,24,52,52,US HOUSE,1,gen,False,False,WAYNE T. GILCHREST,REPUBLICAN,False,TOTAL,120084,232855,False,20201202,False
1992,MARYLAND,MD,24,52,52,US HOUSE,2,gen,False,False,HELEN DELICH BENTLEY,REPUBLICAN,False,TOTAL,165443,254101,False,20201202,False
1992,MARYLAND,MD,24,52,52,US HOUSE,3,gen,False,False,BENJAMIN L. CARDIN,DEMOCRAT,False,TOTAL,163354,222223,False,20201202,False
1992,MARYLAND,MD,24,52,52,US HOUSE,4,gen,False,False,ALBERT RUSSELL WYNN,DEMOCRAT,False,TOTAL,136902,182068,False,20201202,False
1992,MARYLAND,MD,24,52,52,US HOUSE,5,gen,False,False,STENY H. HOYER,DEMOCRAT,False,TOTAL,118312,223284,False,20201202,False
1992,MARYLAND,MD,24,52,52,US HOUSE,6,gen,False,False,ROSCOE G. BARTLETT,REPUBLICAN,False,TOTAL,125564,231788,False,20201202,False
1992,MARYLAND,MD,24,52,52,US HOUSE,7,gen,False,False,KWEISI MFUME,DEMOCRAT,False,TOTAL,152689,178993,False,20201202,False
1992,MARYLAND,MD,24,52,52,US HOUSE,8,gen,False,False,CONSTANCE A. MORELLA,REPUBLICAN,False,TOTAL,203377,280419,False,20201202,False
1992,MASSACHUSETTS,MA,25,14,3,US HOUSE,1,gen,False,False,JOHN W. OLVER,DEMOCRAT,False,TOTAL,135049,262120,False,20201202,False
1992,MASSACHUSETTS,MA,25,14,3,US HOUSE,2,gen,False,False,RICHARD E. NEAL,DEMOCRAT,False,TOTAL,131215,247163,False,20201202,False
1992,MASSACHUSETTS,MA,25,14,3,US HOUSE,3,gen,False,False,PETER BLUTE,REPUBLICAN,False,TOTAL,131473,260932,False,20201202,False
1992,MASSACHUSETTS,MA,25,14,3,US HOUSE,4,gen,False,False,BARNEY FRANK,DEMOCRAT,False,TOTAL,182633,269812,False,20201202,False
1992,MASSACHUSETTS,MA,25,14,3,US HOUSE,5,gen,False,False,MARTIN T. MEEHAN,DEMOCRAT,False,TOTAL,133844,256564,False,20201202,False
1992,MASSACHUSETTS,MA,25,14,3,US HOUSE,6,gen,False,False,PETER G. TORKILDSEN,REPUBLICAN,False,TOTAL,159165,290312,False,20201202,False
1992,MASSACHUSETTS,MA,25,14,3,US HOUSE,7,gen,False,False,EDWARD J. MARKEY,DEMOCRAT,False,TOTAL,174837,281558,False,20201202,False
1992,MASSACHUSETTS,MA,25,14,3,US HOUSE,8,gen,False,False,JOSEPH P. KENNEDY II,DEMOCRAT,False,TOTAL,149903,180484,False,20201202,False
1992,MASSACHUSETTS,MA,25,14,3,US HOUSE,9,gen,False,False,JOHN JOSEPH MOAKLEY,DEMOCRAT,False,TOTAL,175550,253634,False,20201202,False
1992,MASSACHUSETTS,MA,25,14,3,US HOUSE,10,gen,False,False,GERRY E. STUDDS,DEMOCRAT,False,TOTAL,189342,311650,False,20201202,False
1992,MICHIGAN,MI,26,34,23,US HOUSE,1,gen,False,False,BART STUPAK,DEMOCRAT,False,TOTAL,144857,268619,False,20201202,False
1992,MICHIGAN,MI,26,34,23,US HOUSE,2,gen,False,False,PETER HOEKSTRA,REPUBLICAN,False,TOTAL,155577,246761,False,20201202,False
1992,MICHIGAN,MI,26,34,23,US HOUSE,3,gen,False,False,PAUL B. HENRY,REPUBLICAN,False,TOTAL,162451,264948,False,20201202,False
1992,MICHIGAN,MI,26,34,23,US HOUSE,4,gen,False,False,DAVE CAMP,REPUBLICAN,False,TOTAL,157337,251539,False,20201202,False
1992,MICHIGAN,MI,26,34,23,US HOUSE,5,gen,False,False,JAMES A. BARCIA,DEMOCRAT,False,TOTAL,147618,244992,False,20201202,False
1992,MICHIGAN,MI,26,34,23,US HOUSE,6,gen,False,False,FRED UPTON,REPUBLICAN,False,TOTAL,144083,233112,False,20201202,False
1992,MICHIGAN,MI,26,34,23,US HOUSE,7,gen,False,False,NICK SMITH,REPUBLICAN,False,TOTAL,133972,152868,False,20201202,False
1992,MICHIGAN,MI,26,34,23,US HOUSE,8,gen,False,False,BOB CARR,DEMOCRAT,False,TOTAL,135517,284707,False,20201202,False
1992,MICHIGAN,MI,26,34,23,US HOUSE,9,gen,False,False,DALE E. KILDEE,DEMOCRAT,False,TOTAL,133956,249530,False,20201202,False
1992,MICHIGAN,MI,26,34,23,US HOUSE,10,gen,False,False,DAVID E. BONIOR,DEMOCRAT,False,TOTAL,138193,260213,False,20201202,False
1992,MICHIGAN,MI,26,34,23,US HOUSE,11,gen,False,False,JOE KNOLLENBERG,REPUBLICAN,False,TOTAL,168940,293098,False,20201202,False
1992,MICHIGAN,MI,26,34,23,US HOUSE,12,gen,False,False,SANDER M. LEVIN,DEMOCRAT,False,TOTAL,137514,261349,False,20201202,False
1992,MICHIGAN,MI,26,34,23,US HOUSE,13,gen,False,False,WILLIAM D. FORD,DEMOCRAT,False,TOTAL,127642,245888,False,20201202,False
1992,MICHIGAN,MI,26,34,23,US HOUSE,14,gen,False,False,"JOHN CONYERS, JR.",DEMOCRAT,False,TOTAL,165496,200879,False,20201202,False
1992,MICHIGAN,MI,26,34,23,US HOUSE,15,gen,False,False,BARBARA-ROSE COLLINS,DEMOCRAT,False,TOTAL,148908,184964,False,20201202,False
1992,MICHIGAN,MI,26,34,23,US HOUSE,16,gen,False,False,JOHN D. DINGELL,DEMOCRAT,False,TOTAL,156964,240936,False,20201202,False
1992,MINNESOTA,MN,27,41,33,US HOUSE,1,gen,False,False,TIMOTHY J. PENNY,DEMOCRATIC-FARMER-LABOR,False,TOTAL,206369,279430,False,20201202,False
1992,MINNESOTA,MN,27,41,33,US HOUSE,2,gen,False,False,DAVID MINGE,DEMOCRATIC-FARMER-LABOR,False,TOTAL,132156,276403,False,20201202,False
1992,MINNESOTA,MN,27,41,33,US HOUSE,3,gen,False,False,JIM RAMSTAD,INDEPENDENT-REPUBLICAN,False,TOTAL,200240,314731,False,20201202,False
1992,MINNESOTA,MN,27,41,33,US HOUSE,4,gen,False,False,BRUCE F. VENTO,DEMOCRATIC-FARMER-LABOR,False,TOTAL,159796,277956,False,20201202,False
1992,MINNESOTA,MN,27,41,33,US HOUSE,5,gen,False,False,MARTIN OLAV SABO,DEMOCRATIC-FARMER-LABOR,False,TOTAL,174139,277094,False,20201202,False
1992,MINNESOTA,MN,27,41,33,US HOUSE,6,gen,False,False,ROD GRAMS,INDEPENDENT-REPUBLICAN,False,TOTAL,133564,301023,False,20201202,False
1992,MINNESOTA,MN,27,41,33,US HOUSE,7,gen,False,False,COLLIN C. PETERSON,DEMOCRATIC-FARMER-LABOR,False,TOTAL,133886,265524,False,20201202,False
1992,MINNESOTA,MN,27,41,33,US HOUSE,8,gen,False,False,JAMES L. OBERSTAR,DEMOCRATIC-FARMER-LABOR,False,TOTAL,167104,283031,False,20201202,False
1992,MISSISSIPPI,MS,28,64,46,US HOUSE,1,gen,False,False,JAMIE L. WHITTEN,DEMOCRAT,False,TOTAL,121664,204616,False,20201202,False
1992,MISSISSIPPI,MS,28,64,46,US HOUSE,2,gen,False,False,MIKE ESPY,DEMOCRAT,False,TOTAL,133361,174609,False,20201202,False
1992,MISSISSIPPI,MS,28,64,46,US HOUSE,3,gen,False,False,G. V. (SONNY) MONTGOMERY,DEMOCRAT,False,TOTAL,162864,200574,False,20201202,False
1992,MISSISSIPPI,MS,28,64,46,US HOUSE,4,gen,False,False,MIKE PARKER,DEMOCRAT,False,TOTAL,130927,194544,False,20201202,False
1992,MISSISSIPPI,MS,28,64,46,US HOUSE,5,gen,False,False,GENE TAYLOR,DEMOCRAT,False,TOTAL,120766,191058,False,20201202,False
1992,MISSOURI,MO,29,43,34,US HOUSE,1,gen,False,False,WILLIAM (BILL) CLAY,DEMOCRAT,False,TOTAL,158693,233175,False,20201202,False
1992,MISSOURI,MO,29,43,34,US HOUSE,2,gen,False,False,JAMES M. TALENT,REPUBLICAN,False,TOTAL,157594,312442,False,20201202,False
1992,MISSOURI,MO,29,43,34,US HOUSE,3,gen,False,False,RICHARD A. GEPHARDT,DEMOCRAT,False,TOTAL,174000,271834,False,20201202,False
1992,MISSOURI,MO,29,43,34,US HOUSE,4,gen,False,False,IKE SKELTON,DEMOCRAT,False,TOTAL,176977,251452,False,20201202,False
1992,MISSOURI,MO,29,43,34,US HOUSE,5,gen,False,False,ALAN WHEAT,DEMOCRAT,False,TOTAL,151014,255312,False,20201202,False
1992,MISSOURI,MO,29,43,34,US HOUSE,6,gen,False,False,PAT DANNER,DEMOCRAT,False,TOTAL,148887,268524,False,20201202,False
1992,MISSOURI,MO,29,43,34,US HOUSE,7,gen,False,False,MEL HANCOCK,REPUBLICAN,False,TOTAL,160303,260065,False,20201202,False
1992,MISSOURI,MO,29,43,34,US HOUSE,8,gen,False,False,BILL EMERSON,REPUBLICAN,False,TOTAL,147398,234418,False,20201202,False
1992,MISSOURI,MO,29,43,34,US HOUSE,9,gen,False,False,HAROLD L. WOLKMER,DEMOCRAT,False,TOTAL,124694,261335,False,20201202,False
1992,MONTANA,MT,30,81,64,US HOUSE,0,gen,False,False,PAT WILLIAMS,DEMOCRAT,False,TOTAL,203711,403735,False,20201202,False
1992,NEBRASKA,NE,31,46,35,US HOUSE,1,gen,False,False,DOUG BEREUTER,REPUBLICAN,False,TOTAL,142713,239108,False,20201202,False
1992,NEBRASKA,NE,31,46,35,US HOUSE,2,gen,False,False,PETER HOAGLAND,DEMOCRAT,False,TOTAL,119512,233372,False,20201202,False
1992,NEBRASKA,NE,31,46,35,US HOUSE,3,gen,False,False,BILL BARRETT,REPUBLICAN,False,TOTAL,170857,238355,False,20201202,False
1992,NEVADA,NV,32,88,65,US HOUSE,1,gen,False,False,JAMES H. BILBRAY,DEMOCRAT,False,TOTAL,128278,221488,False,20201202,False
1992,NEVADA,NV,32,88,65,US HOUSE,2,gen,False,False,BARBARA F. VUCANOVICH,REPUBLICAN,False,TOTAL,129575,270461,False,20201202,False
1992,NEW HAMPSHIRE,NH,33,12,4,US HOUSE,1,gen,False,False,"WILLIAM H. ZELIFF, JR.",REPUBLICAN,False,TOTAL,135936,255681,False,20201202,False
1992,NEW HAMPSHIRE,NH,33,12,4,US HOUSE,2,gen,False,False,DICK SWETT,DEMOCRAT,False,TOTAL,157328,255088,False,20201202,False
1992,NEW JERSEY,NJ,34,22,12,US HOUSE,1,gen,False,False,ROBERT E. ANDREWS,DEMOCRAT,False,TOTAL,153525,228072,False,20201202,False
1992,NEW JERSEY,NJ,34,22,12,US HOUSE,2,gen,False,False,WILLIAM J. HUGHES,DEMOCRAT,False,TOTAL,132465,237027,False,20201202,False
1992,NEW JERSEY,NJ,34,22,12,US HOUSE,3,gen,False,False,JIM SAXTON,REPUBLICAN,False,TOTAL,151368,255798,False,20201202,False
1992,NEW JERSEY,NJ,34,22,12,US HOUSE,4,gen,False,False,CRISTOPHER H. SMITH,REPUBLICAN,False,TOTAL,149095,241225,False,20201202,False
1992,NEW JERSEY,NJ,34,22,12,US HOUSE,5,gen,False,False,MARGE ROUKEMA,REPUBLICAN,False,TOTAL,196198,274371,False,20201202,False
1992,NEW JERSEY,NJ,34,22,12,US HOUSE,6,gen,False,False,"FRANK PALLONE, JR.",DEMOCRAT,False,TOTAL,118266,226093,False,20201202,False
1992,NEW JERSEY,NJ,34,22,12,US HOUSE,7,gen,False,False,BOB FRANKS,REPUBLICAN,False,TOTAL,132174,248082,False,20201202,False
1992,NEW JERSEY,NJ,34,22,12,US HOUSE,8,gen,False,False,HERB KLEIN,DEMOCRAT,False,TOTAL,96742,205828,False,20201202,False
1992,NEW JERSEY,NJ,34,22,12,US HOUSE,9,gen,False,False,ROBERT G. TORRICELLI,DEMOCRAT,False,TOTAL,139188,238704,False,20201202,False
1992,NEW JERSEY,NJ,34,22,12,US HOUSE,10,gen,False,False,DONALD M. PAYNE,DEMOCRAT,False,TOTAL,117287,149632,False,20201202,False
1992,NEW JERSEY,NJ,34,22,12,US HOUSE,11,gen,False,False,DEAN A. GALLO,REPUBLICAN,False,TOTAL,188165,268436,False,20201202,False
1992,NEW JERSEY,NJ,34,22,12,US HOUSE,12,gen,False,False,DICK ZIMMER,REPUBLICAN,False,TOTAL,174216,272757,False,20201202,False
1992,NEW JERSEY,NJ,34,22,12,US HOUSE,13,gen,False,False,ROBERT MENENDEZ,DEMOCRAT,False,TOTAL,93670,145714,False,20201202,False
1992,NEW MEXICO,NM,35,85,66,US HOUSE,1,gen,False,False,STEVEN SCHIFF,REPUBLICAN,False,TOTAL,128426,205214,False,20201202,False
1992,NEW MEXICO,NM,35,85,66,US HOUSE,2,gen,False,False,JOE SKEEN,REPUBLICAN,False,TOTAL,94838,168170,False,20201202,False
1992,NEW MEXICO,NM,35,85,66,US HOUSE,3,gen,False,False,BILL RICHARDSON,DEMOCRAT,False,TOTAL,122850,182217,False,20201202,False
1992,NEW YORK,NY,36,21,13,US HOUSE,1,gen,False,False,GEORGE J. HOCHBRUECKNER,DEMOCRAT,False,TOTAL,111908,257043,False,20201202,True
1992,NEW YORK,NY,36,21,13,US HOUSE,2,gen,False,False,RICK LAZIO,REPUBLICAN,False,TOTAL,94208,232997,False,20201202,True
1992,NEW YORK,NY,36,21,13,US HOUSE,3,gen,False,False,STEVE A. ORLINS,DEMOCRAT,False,TOTAL,116915,293639,False,20201202,False
1992,NEW YORK,NY,36,21,13,US HOUSE,4,gen,False,False,DAVID A. LEVY,REPUBLICAN,False,TOTAL,98723,261812,False,20201202,True
1992,NEW YORK,NY,36,21,13,US HOUSE,5,gen,False,False,GARY L. ACKERMAN,DEMOCRAT,False,TOTAL,105953,256555,False,20201202,True
1992,NEW YORK,NY,36,21,13,US HOUSE,6,gen,False,False,FLOYD H. FLAKE,DEMOCRAT,False,TOTAL,96972,160228,False,20201202,False
1992,NEW YORK,NY,36,21,13,US HOUSE,7,gen,False,False,THOMAS J. MANTON,DEMOCRAT,False,TOTAL,72280,171124,False,20201202,False
1992,NEW YORK,NY,36,21,13,US HOUSE,8,gen,False,False,JERROLD NADLER,DEMOCRAT,False,TOTAL,132172,227585,False,20201202,True
1992,NEW YORK,NY,36,21,13,US HOUSE,9,gen,False,False,CHARLES E. SCHUMER,DEMOCRAT,False,TOTAL,111424,213204,False,20201202,True
1992,NEW YORK,NY,36,21,13,US HOUSE,10,gen,False,False,EDOLPHUS TOWNS,DEMOCRAT,False,TOTAL,93801,160115,False,20201202,True
1992,NEW YORK,NY,36,21,13,US HOUSE,11,gen,False,False,MAJOR R. OWENS,DEMOCRAT,False,TOTAL,76724,128151,False,20201202,True
1992,NEW YORK,NY,36,21,13,US HOUSE,12,gen,False,False,NYDIA M. VELAZQUEZ,DEMOCRAT,False,TOTAL,55926,104485,False,20201202,False
1992,NEW YORK,NY,36,21,13,US HOUSE,13,gen,False,False,SUSAN MOLINARI,REPUBLICAN,False,TOTAL,92144,217142,False,20201202,True
1992,NEW YORK,NY,36,21,13,US HOUSE,14,gen,False,False,CAROLYN B. MALONEY,DEMOCRAT,False,TOTAL,97059,238720,False,20201202,True
1992,NEW YORK,NY,36,21,13,US HOUSE,15,gen,False,False,CHARLES B. RANGEL,DEMOCRAT,False,TOTAL,101229,154358,False,20201202,True
1992,NEW YORK,NY,36,21,13,US HOUSE,16,gen,False,False,JOSE E. SERRANO,DEMOCRAT,False,TOTAL,80927,132082,False,20201202,True
1992,NEW YORK,NY,36,21,13,US HOUSE,17,gen,False,False,ELIOT L. ENGEL,DEMOCRAT,False,TOTAL,94758,166357,False,20201202,True
1992,NEW YORK,NY,36,21,13,US HOUSE,18,gen,False,False,NITA M. LOWEY,DEMOCRAT,False,TOTAL,115841,243057,False,20201202,False
1992,NEW YORK,NY,36,21,13,US HOUSE,19,gen,False,False,"HAMILTON FISH, JR.",REPUBLICAN,False,TOTAL,119047,267291,False,20201202,True
1992,NEW YORK,NY,36,21,13,US HOUSE,20,gen,False,False,BENJAMIN A. GILMAN,REPUBLICAN,False,TOTAL,150301,265011,False,20201202,False
1992,NEW YORK,NY,36,21,13,US HOUSE,21,gen,False,False,MICHAEL R. MCNULTY,DEMOCRAT,False,TOTAL,149319,297006,False,20201202,True
1992,NEW YORK,NY,36,21,13,US HOUSE,22,gen,False,False,GERALD B. H. SOLOMON,REPUBLICAN,False,TOTAL,136909,284496,False,20201202,True
1992,NEW YORK,NY,36,21,13,US HOUSE,23,gen,False,False,SHERWOOD L. BOEHLERT,REPUBLICAN,False,TOTAL,139774,252880,False,20201202,False
1992,NEW YORK,NY,36,21,13,US HOUSE,24,gen,False,False,JOHN M. MCHUGH,REPUBLICAN,False,TOTAL,113408,231046,False,20201202,True
1992,NEW YORK,NY,36,21,13,US HOUSE,25,gen,False,False,JAMES T. WALSH,REPUBLICAN,False,TOTAL,119282,266033,False,20201202,True
1992,NEW YORK,NY,36,21,13,US HOUSE,26,gen,False,False,MAURICE D. HINCHEY,DEMOCRAT,False,TOTAL,112763,266740,False,20201202,True
1992,NEW YORK,NY,36,21,13,US HOUSE,27,gen,False,False,BILL PAXON,REPUBLICAN,False,TOTAL,126997,277339,False,20201202,True
1992,NEW YORK,NY,36,21,13,US HOUSE,28,gen,False,False,LOUISE MCINTOSH SLAUGHTER,DEMOCRAT,False,TOTAL,140908,275326,False,20201202,False
1992,NEW YORK,NY,36,21,13,US HOUSE,29,gen,False,False,JOHN J. LAFALCE,DEMOCRAT,False,TOTAL,120758,264526,False,20201202,True
1992,NEW YORK,NY,36,21,13,US HOUSE,30,gen,False,False,JACK QUINN,REPUBLICAN,False,TOTAL,114921,265097,False,20201202,True
1992,NEW YORK,NY,36,21,13,US HOUSE,31,gen,False,False,AMO HOUGHTON,REPUBLICAN,False,TOTAL,133758,247194,False,20201202,True
1992,NORTH CAROLINA,NC,37,56,47,US HOUSE,1,gen,False,False,EVA M. CLAYTON,DEMOCRAT,False,TOTAL,116078,173262,False,20201202,False
1992,NORTH CAROLINA,NC,37,56,47,US HOUSE,2,gen,False,False,TIM VALENTINE,DEMOCRAT,False,TOTAL,113693,211569,False,20201202,False
1992,NORTH CAROLINA,NC,37,56,47,US HOUSE,3,gen,False,False,H. MARTIN LANCASTER,DEMOCRAT,False,TOTAL,101739,187050,False,20201202,False
1992,NORTH CAROLINA,NC,37,56,47,US HOUSE,4,gen,False,False,DAVID E. PRICE,DEMOCRAT,False,TOTAL,171299,265060,False,20201202,False
1992,NORTH CAROLINA,NC,37,56,47,US HOUSE,5,gen,False,False,STEPHEN L. NEAL,DEMOCRAT,False,TOTAL,117835,223683,False,20201202,False
1992,NORTH CAROLINA,NC,37,56,47,US HOUSE,6,gen,False,False,HOWARD COBLE,REPUBLICAN,False,TOTAL,162822,230022,False,20201202,False
1992,NORTH CAROLINA,NC,37,56,47,US HOUSE,7,gen,False,False,CHARLIE ROSE,DEMOCRAT,False,TOTAL,92414,163101,False,20201202,False
1992,NORTH CAROLINA,NC,37,56,47,US HOUSE,8,gen,False,False,W. G. (BILL) HEFNER,DEMOCRAT,False,TOTAL,113162,195451,False,20201202,False
1992,NORTH CAROLINA,NC,37,56,47,US HOUSE,9,gen,False,False,J. ALEX MCMILLAN,REPUBLICAN,False,TOTAL,153650,228245,False,20201202,False
1992,NORTH CAROLINA,NC,37,56,47,US HOUSE,10,gen,False,False,CASS BALLENGER,REPUBLICAN,False,TOTAL,149033,235127,False,20201202,False
1992,NORTH CAROLINA,NC,37,56,47,US HOUSE,11,gen,False,False,CHARLES H. TAYLOR,REPUBLICAN,False,TOTAL,130158,238161,False,20201202,False
1992,NORTH CAROLINA,NC,37,56,47,US HOUSE,12,gen,False,False,MELVIN L. WATT,DEMOCRAT,False,TOTAL,127262,180824,False,20201202,False
1992,NORTH DAKOTA,ND,38,44,36,US HOUSE,0,gen,False,False,EARL POMEROY,DEMOCRAT,False,TOTAL,169273,297898,False,20201202,False
1992,OHIO,OH,39,31,24,US HOUSE,1,gen,False,False,DAVID MANN,DEMOCRAT,False,TOTAL,120190,234433,False,20201202,False
1992,OHIO,OH,39,31,24,US HOUSE,2,gen,False,False,"WILLIS D. GRADISON, JR.",REPUBLICAN,False,TOTAL,177720,253651,False,20201202,False
1992,OHIO,OH,39,31,24,US HOUSE,3,gen,False,False,TONY P. HALL,DEMOCRAT,False,TOTAL,146072,244811,False,20201202,False
1992,OHIO,OH,39,31,24,US HOUSE,4,gen,False,False,MICHAEL G. OXLEY,REPUBLICAN,False,TOTAL,147346,240440,False,20201202,False
1992,OHIO,OH,39,31,24,US HOUSE,5,gen,False,False,PAUL E. GILLMOR,REPUBLICAN,False,TOTAL,187860,187860,False,20201202,False
1992,OHIO,OH,39,31,24,US HOUSE,6,gen,False,False,TED STRICKLAND,DEMOCRAT,False,TOTAL,122720,241972,False,20201202,False
1992,OHIO,OH,39,31,24,US HOUSE,7,gen,False,False,DAVID L. HOBSON,REPUBLICAN,False,TOTAL,164195,230432,False,20201202,False
1992,OHIO,OH,39,31,24,US HOUSE,8,gen,False,False,JOHN A. BOEHNER,REPUBLICAN,False,TOTAL,176362,238395,False,20201202,False
1992,OHIO,OH,39,31,24,US HOUSE,9,gen,False,False,MARCY KAPTUR,DEMOCRAT,False,TOTAL,178879,243102,False,20201202,False
1992,OHIO,OH,39,31,24,US HOUSE,10,gen,False,False,MARTIN R. HOKE,REPUBLICAN,False,TOTAL,136433,240239,False,20201202,False
1992,OHIO,OH,39,31,24,US HOUSE,11,gen,False,False,LOUIS STOKES,DEMOCRAT,False,TOTAL,154718,223624,False,20201202,False
1992,OHIO,OH,39,31,24,US HOUSE,12,gen,False,False,JOHN R. KASICH,REPUBLICAN,False,TOTAL,170297,239058,False,20201202,False
1992,OHIO,OH,39,31,24,US HOUSE,13,gen,False,False,SHERROD BROWN,DEMOCRAT,False,TOTAL,134486,252258,False,20201202,False
1992,OHIO,OH,39,31,24,US HOUSE,14,gen,False,False,THOMAS C. SAWYER,DEMOCRAT,False,TOTAL,165335,243994,False,20201202,False
1992,OHIO,OH,39,31,24,US HOUSE,15,gen,False,False,DEBORAH PRYCE,REPUBLICAN,False,TOTAL,110390,250205,False,20201202,False
1992,OHIO,OH,39,31,24,US HOUSE,16,gen,False,False,RALPH REGULA,REPUBLICAN,False,TOTAL,158489,248713,False,20201202,False
1992,OHIO,OH,39,31,24,US HOUSE,17,gen,False,False,"JAMES A. TRAFICANT, JR.",DEMOCRAT,False,TOTAL,216503,257246,False,20201202,False
1992,OHIO,OH,39,31,24,US HOUSE,18,gen,False,False,DOUGLAS APPLEGATE,DEMOCRAT,False,TOTAL,166189,243418,False,20201202,False
1992,OHIO,OH,39,31,24,US HOUSE,19,gen,False,False,ERIC FINGERHUT,DEMOCRAT,False,TOTAL,138465,263083,False,20201202,False
1992,OKLAHOMA,OK,40,73,53,US HOUSE,1,gen,False,False,JAMES M. INHOFE,REPUBLICAN,False,TOTAL,119211,225830,False,20201202,False
1992,OKLAHOMA,OK,40,73,53,US HOUSE,2,gen,False,False,MIKE SYNAR,DEMOCRAT,False,TOTAL,118542,213513,False,20201202,False
1992,OKLAHOMA,OK,40,73,53,US HOUSE,3,gen,False,False,BILL K. BREWSTER,DEMOCRAT,False,TOTAL,155934,207659,False,20201202,False
1992,OKLAHOMA,OK,40,73,53,US HOUSE,4,gen,False,False,DAVE MCCURDY,DEMOCRAT,False,TOTAL,140841,199076,False,20201202,False
1992,OKLAHOMA,OK,40,73,53,US HOUSE,5,gen,False,False,"ERNEST J. ISTOOK, JR.",REPUBLICAN,False,TOTAL,123237,230816,False,20201202,False
1992,OKLAHOMA,OK,40,73,53,US HOUSE,6,gen,False,False,GLENN ENGLISH,DEMOCRAT,False,TOTAL,134734,198802,False,20201202,False
1992,OREGON,OR,41,92,72,US HOUSE,1,gen,False,False,ELIZABETH FURSE,DEMOCRAT,False,TOTAL,152917,294154,False,20201202,False
1992,OREGON,OR,41,92,72,US HOUSE,2,gen,False,False,ROBERT F. (BOB) SMITH,REPUBLICAN,False,TOTAL,184163,274478,False,20201202,False
1992,OREGON,OR,41,92,72,US HOUSE,3,gen,False,False,RON WYDEN,DEMOCRAT,False,TOTAL,208028,269879,False,20201202,False
1992,OREGON,OR,41,92,72,US HOUSE,4,gen,False,False,PETER A. DEFAZIO,DEMOCRAT,False,TOTAL,199372,279299,False,20201202,False
1992,OREGON,OR,41,92,72,US HOUSE,5,gen,False,False,MICHAEL J. KOPETSKI,DEMOCRAT,False,TOTAL,174443,272944,False,20201202,False
1992,PENNSYLVANIA,PA,42,23,14,US HOUSE,1,gen,False,False,THOMAS M. FOGLIETTA,DEMOCRAT,False,TOTAL,150172,185591,False,20201202,False
1992,PENNSYLVANIA,PA,42,23,14,US HOUSE,2,gen,False,False,LUCIEN E. BLACKWELL,DEMOCRAT,False,TOTAL,164355,213927,False,20201202,False
1992,PENNSYLVANIA,PA,42,23,14,US HOUSE,3,gen,False,False,ROBERT A. BORSKI,DEMOCRAT,False,TOTAL,130828,221971,False,20201202,False
1992,PENNSYLVANIA,PA,42,23,14,US HOUSE,4,gen,False,False,RON KLINK,DEMOCRAT,False,TOTAL,186684,237922,False,20201202,False
1992,PENNSYLVANIA,PA,42,23,14,US HOUSE,5,gen,False,False,"WILLIAM F. CLINGER, JR.",REPUBLICAN,False,TOTAL,188911,188911,False,20201202,False
1992,PENNSYLVANIA,PA,42,23,14,US HOUSE,6,gen,False,False,TIM HOLDEN,DEMOCRAT,False,TOTAL,108312,208006,False,20201202,False
1992,PENNSYLVANIA,PA,42,23,14,US HOUSE,7,gen,False,False,CURT WELDON,REPUBLICAN,False,TOTAL,180648,273898,False,20201202,False
1992,PENNSYLVANIA,PA,42,23,14,US HOUSE,8,gen,False,False,JAMES C. GREENWOOD,REPUBLICAN,False,TOTAL,129593,249538,False,20201202,False
1992,PENNSYLVANIA,PA,42,23,14,US HOUSE,9,gen,False,False,BUD SHUSTER,DEMOCRAT,False,TOTAL,182406,182406,False,20201202,False
1992,PENNSYLVANIA,PA,42,23,14,US HOUSE,10,gen,False,False,JOSEPH M. MCDADE,DEMOCRAT,False,TOTAL,189414,209548,False,20201202,False
1992,PENNSYLVANIA,PA,42,23,14,US HOUSE,11,gen,False,False,PAUL E. KANJORSKI,DEMOCRAT,False,TOTAL,138875,206987,False,20201202,False
1992,PENNSYLVANIA,PA,42,23,14,US HOUSE,12,gen,False,False,JOHN P. MURTHA,DEMOCRAT,False,TOTAL,166916,166916,False,20201202,False
1992,PENNSYLVANIA,PA,42,23,14,US HOUSE,13,gen,False,False,MARJORIE MARGOLIES-MEZVINSKY,DEMOCRAT,False,TOTAL,127685,253997,False,20201202,False
1992,PENNSYLVANIA,PA,42,23,14,US HOUSE,14,gen,False,False,WILLIAM J. COYNE,DEMOCRAT,False,TOTAL,165633,229038,False,20201202,False
1992,PENNSYLVANIA,PA,42,23,14,US HOUSE,15,gen,False,False,PAUL MCHALE,DEMOCRAT,False,TOTAL,111419,213324,False,20201202,False
1992,PENNSYLVANIA,PA,42,23,14,US HOUSE,16,gen,False,False,ROBERT S. WALKER,REPUBLICAN,False,TOTAL,137823,212564,False,20201202,False
1992,PENNSYLVANIA,PA,42,23,14,US HOUSE,17,gen,False,False,GEORGE W. GEKAS,REPUBLICAN,False,TOTAL,150158,216039,False,20201202,False
1992,PENNSYLVANIA,PA,42,23,14,US HOUSE,18,gen,False,False,RICK SANTORUM,REPUBLICAN,False,TOTAL,154024,254329,False,20201202,False
1992,PENNSYLVANIA,PA,42,23,14,US HOUSE,19,gen,False,False,WILLIAM F. GOODLING,REPUBLICAN,False,TOTAL,98599,217587,False,20201202,False
1992,PENNSYLVANIA,PA,42,23,14,US HOUSE,20,gen,False,False,AUSTIN J. MURPHY,DEMOCRAT,False,TOTAL,114898,226489,False,20201202,False
1992,PENNSYLVANIA,PA,42,23,14,US HOUSE,21,gen,False,False,THOMAS J. RIDGE,REPUBLICAN,False,TOTAL,150729,221531,False,20201202,False
1992,RHODE ISLAND,RI,44,15,5,US HOUSE,1,gen,False,False,RONALD K. MACHTLEY,REPUBLICAN,False,TOTAL,135982,194089,False,20201202,False
1992,RHODE ISLAND,RI,44,15,5,US HOUSE,2,gen,False,False,JACK REED,DEMOCRAT,False,TOTAL,144450,204413,False,20201202,False
1992,SOUTH CAROLINA,SC,45,57,48,US HOUSE,1,gen,False,False,"ARTHUR RAVENEL, JR.",REPUBLICAN,False,TOTAL,121938,184549,False,20201202,False
1992,SOUTH CAROLINA,SC,45,57,48,US HOUSE,2,gen,False,False,FLOYD SPENCE,REPUBLICAN,False,TOTAL,148667,169670,False,20201202,False
1992,SOUTH CAROLINA,SC,45,57,48,US HOUSE,3,gen,False,False,BUTLER DERRICK,DEMOCRAT,False,TOTAL,119119,194864,False,20201202,False
1992,SOUTH CAROLINA,SC,45,57,48,US HOUSE,4,gen,False,False,BOB INGLIS,REPUBLICAN,False,TOTAL,99879,198410,False,20201202,False
1992,SOUTH CAROLINA,SC,45,57,48,US HOUSE,5,gen,False,False,"JOHN M. SPRATT, JR.",DEMOCRAT,False,TOTAL,112031,183086,False,20201202,False
1992,SOUTH CAROLINA,SC,45,57,48,US HOUSE,6,gen,False,False,JAMES E. CLYBRUN,DEMOCRAT,False,TOTAL,120647,184871,False,20201202,False
1992,SOUTH DAKOTA,SD,46,45,37,US HOUSE,0,gen,False,False,TIM JOHNSON,DEMOCRAT,False,TOTAL,230070,332902,False,20201202,False
1992,TENNESSEE,TN,47,62,54,US HOUSE,1,gen,False,False,JAMES H. (JIMMY) QUILLEN,REPUBLICAN,False,TOTAL,114797,170158,False,20201202,False
1992,TENNESSEE,TN,47,62,54,US HOUSE,2,gen,False,False,"JOHN J. DUNCAN, JR.",REPUBLICAN,False,TOTAL,148377,205401,False,20201202,False
1992,TENNESSEE,TN,47,62,54,US HOUSE,3,gen,False,False,MARILYN LLOYD,DEMOCRAT,False,TOTAL,105693,216533,False,20201202,False
1992,TENNESSEE,TN,47,62,54,US HOUSE,4,gen,False,False,JIM COOPER,DEMOCRAT,False,TOTAL,98984,154511,False,20201202,False
1992,TENNESSEE,TN,47,62,54,US HOUSE,5,gen,False,False,BOB CLEMENT,DEMOCRAT,False,TOTAL,125233,187590,False,20201202,False
1992,TENNESSEE,TN,47,62,54,US HOUSE,6,gen,False,False,BART GORDON,DEMOCRAT,False,TOTAL,120177,212428,False,20201202,False
1992,TENNESSEE,TN,47,62,54,US HOUSE,7,gen,False,False,DON SUNDQUIST,REPUBLICAN,False,TOTAL,125101,202866,False,20201202,False
1992,TENNESSEE,TN,47,62,54,US HOUSE,8,gen,False,False,JOHN S. TANNER,DEMOCRAT,False,TOTAL,136852,163432,False,20201202,False
1992,TENNESSEE,TN,47,62,54,US HOUSE,9,gen,False,False,HAROLD E. FORD,DEMOCRAT,False,TOTAL,123276,212755,False,20201202,False
1992,TEXAS,TX,48,74,49,US HOUSE,1,gen,False,False,JIM CHAPMAN,DEMOCRAT,False,TOTAL,152209,152209,False,20201202,False
1992,TEXAS,TX,48,74,49,US HOUSE,2,gen,False,False,CHARLES WILSON,DEMOCRAT,False,TOTAL,118625,211350,False,20201202,False
1992,TEXAS,TX,48,74,49,US HOUSE,3,gen,False,False,SAM JOHNSON,REPUBLICAN,False,TOTAL,201569,234139,False,20201202,False
1992,TEXAS,TX,48,74,49,US HOUSE,4,gen,False,False,RALPH M. HALL,DEMOCRAT,False,TOTAL,128008,220333,False,20201202,False
1992,TEXAS,TX,48,74,49,US HOUSE,5,gen,False,False,JOHN BRYANT,DEMOCRAT,False,TOTAL,98567,167330,False,20201202,False
1992,TEXAS,TX,48,74,49,US HOUSE,6,gen,False,False,JOE BARTON,REPUBLICAN,False,TOTAL,189140,263073,False,20201202,False
1992,TEXAS,TX,48,74,49,US HOUSE,7,gen,False,False,BILL ARCHER,REPUBLICAN,False,TOTAL,169407,169407,False,20201202,False
1992,TEXAS,TX,48,74,49,US HOUSE,8,gen,False,False,JACK FIELDS,REPUBLICAN,False,TOTAL,179349,232822,False,20201202,False
1992,TEXAS,TX,48,74,49,US HOUSE,9,gen,False,False,JACK BROOKS,DEMOCRAT,False,TOTAL,118690,221361,False,20201202,False
1992,TEXAS,TX,48,74,49,US HOUSE,10,gen,False,False,J. J. PICKLE,DEMOCRAT,False,TOTAL,177233,261892,False,20201202,False
1992,TEXAS,TX,48,74,49,US HOUSE,11,gen,False,False,CHET EDWARDS,DEMOCRAT,False,TOTAL,119999,178032,False,20201202,False
1992,TEXAS,TX,48,74,49,US HOUSE,12,gen,False,False,PETE GEREN,DEMOCRAT,False,TOTAL,125492,199924,False,20201202,False
1992,TEXAS,TX,48,74,49,US HOUSE,13,gen,False,False,BILL SARPALIUS,DEMOCRAT,False,TOTAL,117892,195406,False,20201202,False
1992,TEXAS,TX,48,74,49,US HOUSE,14,gen,False,False,GREG LAUGHLIN,DEMOCRAT,False,TOTAL,135930,199671,False,20201202,False
1992,TEXAS,TX,48,74,49,US HOUSE,15,gen,False,False,E DE LA GARZA,DEMOCRAT,False,TOTAL,86351,142900,False,20201202,False
1992,TEXAS,TX,48,74,49,US HOUSE,16,gen,False,False,RONALD D. COLEMAN,DEMOCRAT,False,TOTAL,66731,128601,False,20201202,False
1992,TEXAS,TX,48,74,49,US HOUSE,17,gen,False,False,CHARLES W. STENHOLM,DEMOCRAT,False,TOTAL,136213,206171,False,20201202,False
1992,TEXAS,TX,48,74,49,US HOUSE,18,gen,False,False,CRAIG A. WASHINGTON,DEMOCRAT,False,TOTAL,111422,172208,False,20201202,False
1992,TEXAS,TX,48,74,49,US HOUSE,19,gen,False,False,LARRY COMBEST,REPUBLICAN,False,TOTAL,162057,209382,False,20201202,False
1992,TEXAS,TX,48,74,49,US HOUSE,20,gen,False,False,HENRY B. GONZALEZ,DEMOCRAT,False,TOTAL,103755,103755,False,20201202,False
1992,TEXAS,TX,48,74,49,US HOUSE,21,gen,False,False,LAMAR S. SMITH,REPUBLICAN,False,TOTAL,190979,264653,False,20201202,False
1992,TEXAS,TX,48,74,49,US HOUSE,22,gen,False,False,TOM DELAY,REPUBLICAN,False,TOTAL,150221,218033,False,20201202,False
1992,TEXAS,TX,48,74,49,US HOUSE,23,gen,False,False,HENRY BONILLA,REPUBLICAN,False,TOTAL,98259,166347,False,20201202,False
1992,TEXAS,TX,48,74,49,US HOUSE,24,gen,False,False,MARTIN FROST,DEMOCRAT,False,TOTAL,104174,174216,False,20201202,False
1992,TEXAS,TX,48,74,49,US HOUSE,25,gen,False,False,MICHAEL A. ANDREWS,DEMOCRAT,False,TOTAL,98975,176877,False,20201202,False
1992,TEXAS,TX,48,74,49,US HOUSE,26,gen,False,False,RICHARD K. ARMEY,REPUBLICAN,False,TOTAL,150209,205531,False,20201202,False
1992,TEXAS,TX,48,74,49,US HOUSE,27,gen,False,False,SOLOMON P. ORTIZ,DEMOCRAT,False,TOTAL,87022,156844,False,20201202,False
1992,TEXAS,TX,48,74,49,US HOUSE,28,gen,False,False,FRANK TEJEDA,DEMOCRAT,False,TOTAL,122457,140585,False,20201202,False
1992,TEXAS,TX,48,74,49,US HOUSE,29,gen,False,False,GENE GREEN,DEMOCRAT,False,TOTAL,64064,98673,False,20201202,False
1992,TEXAS,TX,48,74,49,US HOUSE,30,gen,False,False,EDDIE BERNICE JOHNSON,DEMOCRAT,False,TOTAL,107831,150747,False,20201202,False
1992,UTAH,UT,49,87,67,US HOUSE,1,gen,False,False,JAMES V. HANSEN,REPUBLICAN,False,TOTAL,160037,245254,False,20201202,False
1992,UTAH,UT,49,87,67,US HOUSE,2,gen,False,False,KAREN SHEPGERD,DEMOCRAT,False,TOTAL,127738,252969,False,20201202,False
1992,UTAH,UT,49,87,67,US HOUSE,3,gen,False,False,BILL ORTON,DEMOCRAT,False,TOTAL,135029,228061,False,20201202,False
1992,VERMONT,VT,50,13,6,US HOUSE,0,gen,False,False,BERNARD SANDERS,INDEPENDENT,False,TOTAL,162724,281162,False,20201202,False
1992,VIRGINIA,VA,51,54,40,US HOUSE,1,gen,False,False,HERBERT H. BATEMAN,REPUBLICAN,False,TOTAL,133537,232051,False,20201202,False
1992,VIRGINIA,VA,51,54,40,US HOUSE,2,gen,False,False,OWEN B. PICKETT,DEMOCRAT,False,TOTAL,99253,177133,False,20201202,False
1992,VIRGINIA,VA,51,54,40,US HOUSE,3,gen,False,False,ROBERT C. SCOTT,DEMOCRAT,False,TOTAL,132432,168473,False,20201202,False
1992,VIRGINIA,VA,51,54,40,US HOUSE,4,gen,False,False,NORMAN SISISKY,DEMOCRAT,False,TOTAL,147649,215960,False,20201202,False
1992,VIRGINIA,VA,51,54,40,US HOUSE,5,gen,False,False,L. F. PAYNE,DEMOCRAT,False,TOTAL,133031,193084,False,20201202,False
1992,VIRGINIA,VA,51,54,40,US HOUSE,6,gen,False,False,BOB GOODLATTE,REPUBLICAN,False,TOTAL,127309,212087,False,20201202,False
1992,VIRGINIA,VA,51,54,40,US HOUSE,7,gen,False,False,"THOMAS J. BLILEY, JR.",REPUBLICAN,False,TOTAL,211618,255375,False,20201202,False
1992,VIRGINIA,VA,51,54,40,US HOUSE,8,gen,False,False,JAMES P. MORAN,DEMOCRAT,False,TOTAL,138542,247126,False,20201202,False
1992,VIRGINIA,VA,51,54,40,US HOUSE,9,gen,False,False,RICK BOUCHER,DEMOCRAT,False,TOTAL,133284,211295,False,20201202,False
1992,VIRGINIA,VA,51,54,40,US HOUSE,10,gen,False,False,FRANK R. WOLF,REPUBLICAN,False,TOTAL,144471,221004,False,20201202,False
1992,VIRGINIA,VA,51,54,40,US HOUSE,11,gen,False,False,LESLIE L. BYRNE,DEMOCRAT,False,TOTAL,114172,228272,False,20201202,False
1992,WASHINGTON,WA,53,91,73,US HOUSE,1,gen,False,False,MARIA CANTWELL,DEMOCRAT,False,TOTAL,148844,271274,False,20201202,False
1992,WASHINGTON,WA,53,91,73,US HOUSE,2,gen,False,False,AL SWIFT,DEMOCRAT,False,TOTAL,133207,255920,False,20201202,False
1992,WASHINGTON,WA,53,91,73,US HOUSE,3,gen,False,False,JOLENE UNSOELD,DEMOCRAT,False,TOTAL,138043,246626,False,20201202,False
1992,WASHINGTON,WA,53,91,73,US HOUSE,4,gen,False,False,JAY INSLEE,DEMOCRAT,False,TOTAL,106556,209584,False,20201202,False
1992,WASHINGTON,WA,53,91,73,US HOUSE,5,gen,False,False,THOMAS S. FOLEY,DEMOCRAT,False,TOTAL,135965,246408,False,20201202,False
1992,WASHINGTON,WA,53,91,73,US HOUSE,6,gen,False,False,NORMAN D. DICKS,DEMOCRAT,False,TOTAL,152933,238162,False,20201202,False
1992,WASHINGTON,WA,53,91,73,US HOUSE,7,gen,False,False,JIM MCDERMOTT,DEMOCRAT,False,TOTAL,222604,283950,False,20201202,False
1992,WASHINGTON,WA,53,91,73,US HOUSE,8,gen,False,False,JENNIFER DUNN,REPUBLICAN,False,TOTAL,155874,258171,False,20201202,False
1992,WASHINGTON,WA,53,91,73,US HOUSE,9,gen,False,False,MIKE KREIDLER,DEMOCRAT,False,TOTAL,110902,212919,False,20201202,False
1992,WEST VIRGINIA,WV,54,55,56,US HOUSE,1,gen,False,False,ALAN B. MOLLOHAN,DEMOCRAT,False,TOTAL,172924,172924,False,20201202,False
1992,WEST VIRGINIA,WV,54,55,56,US HOUSE,2,gen,False,False,"ROBERT E. WISE, JR.",DEMOCRAT,False,TOTAL,143988,203090,False,20201202,False
1992,WEST VIRGINIA,WV,54,55,56,US HOUSE,3,gen,False,False,NICK JOE RAHALL II,DEMOCRAT,False,TOTAL,122279,186291,False,20201202,False
1992,WISCONSIN,WI,55,35,25,US HOUSE,1,gen,False,False,LES ASPIN,DEMOCRAT,False,TOTAL,147495,256280,False,20201202,False
1992,WISCONSIN,WI,55,35,25,US HOUSE,2,gen,False,False,SCOTT L. KLUG,REPUBLICAN,False,TOTAL,183366,292898,False,20201202,False
1992,WISCONSIN,WI,55,35,25,US HOUSE,3,gen,False,False,STEVE GUNDERSON,REPUBLICAN,False,TOTAL,146903,260335,False,20201202,False
1992,WISCONSIN,WI,55,35,25,US HOUSE,4,gen,False,False,GERALD D. KLECZKA,DEMOCRAT,False,TOTAL,173482,263803,False,20201202,False
1992,WISCONSIN,WI,55,35,25,US HOUSE,5,gen,False,False,THOMAS M. BARRETT,DEMOCRAT,False,TOTAL,162344,234176,False,20201202,False
1992,WISCONSIN,WI,55,35,25,US HOUSE,6,gen,False,False,THOMAS E. PETRI,REPUBLICAN,False,TOTAL,143875,272137,False,20201202,False
1992,WISCONSIN,WI,55,35,25,US HOUSE,7,gen,False,False,DAVID R. OBEY,DEMOCRAT,False,TOTAL,166200,257982,False,20201202,False
1992,WISCONSIN,WI,55,35,25,US HOUSE,8,gen,False,False,TOBY ROTH,REPUBLICAN,False,TOTAL,191704,273532,False,20201202,False
1992,WISCONSIN,WI,55,35,25,US HOUSE,9,gen,False,False,"F. JAMES SENSENBRENNER, JR.",REPUBLICAN,False,TOTAL,192898,276787,False,20201202,False
1992,WYOMING,WY,56,83,68,US HOUSE,0,gen,False,False,CRAIG THOMAS,REPUBLICAN,False,TOTAL,113882,196977,False,20201202,False
